"['\ufeff', '百度', '首页', ' ', '登录', ' ', '注册', ' ', '网页', ' ', '新闻', ' ', '贴', '吧', ' ', '知道', ' ', '音乐', ' ', '图片', ' ', '视频', ' ', '地图', ' ', '文库', ' ', '百科', '\r\n']",1.0
"[' ', ' ', '\r\n']",1.0
['\r\n'],1.0
"['江歌案', '\r\n']",1.0
"['进入', '词条', '全站', '搜索', '帮助', '\r\n']",1.0
"['声明', '：', '百科', '词条', '人人', '可', '编辑', '，', '词条', '创建', '和', '修改', '均', '免费', '，', '绝不', '存在', '官方', '及', '代理商', '付费', '代编', '，', '请勿', '上当受骗', '。', '详情', '>', '>', '\r\n']",1.0
"['首页', '\r\n']",1.0
"['历史', '上', '的', '今天', '\r\n']",1.0
"['百科', '冷', '知识', '\r\n']",1.0
"['图解', '百科', '\r\n']",1.0
"['分类', '\r\n']",1.0
"['艺术', '科学', '自然', '文化', '地理', '生活', '社会', '人物', '经济', '体育', '历史', '\r\n']",1.0
"['特色', '百科', '\r\n']",1.0
"['数字', '博物馆', '\r\n']",1.0
"['非遗', '百科', '\r\n']",1.0
"['多肉', '百科', '\r\n']",1.0
"['恐龙', '百科', '\r\n']",1.0
"['城市', '百科', '\r\n']",1.0
"['二战', '百科', '\r\n']",1.0
"['用户', '\r\n']",1.0
"['蝌蚪', '团', '\r\n']",1.0
"['燃梦', '计划', '\r\n']",1.0
"['百科', '任务', '\r\n']",1.0
"['百科', '商城', '\r\n']",1.0
"['权威', '合作', '\r\n']",1.0
"['合作', '模式', '\r\n']",1.0
"['常见问题', '\r\n']",1.0
"['联系方式', '\r\n']",1.0
"['手机', '百科', '\r\n']",1.0
"['网页', '版', '\r\n']",1.0
"['个人', '中心', '\r\n']",1.0
"['江歌', '被杀案', '法律', '分析', '127.6', 'w', ' ', '江歌案', ' ', '陈世峰', '是否', '会', '被', '日本', '法律', '判处死刑', '?', '80.7', 'w', ' ', '江歌', '被杀案', '，', '听', '法律', '专家', '朱巍', '怎么', '说', '？', '112.5', 'w', '\r\n']",1.0
"['收藏', ' ', '60', '\r\n']",1.0
"['303', '\r\n']",1.0
"['11', '・', '3', '留日', '女生', '遇害案', ' ', '编辑', '\r\n']",1.0
"['同义词', ' ', '江歌案', '一般', '指', '11', '・', '3', '留日', '女生', '遇害案', '\r\n']",1.0
"['日本', '当地', '时间', '2016', '年', '11', '月', '3', '日', '就读于', '日本', '东京', '法政', '大学', '的', '中国', '留学生', '江歌', '被', '闺蜜', '前男友', '陈世峰', '用', '匕首', '杀害', '，', '就此', '引发', '“', '11', '・', '3', '留日', '女生', '遇害案', '”', '。', '\r\n']",1.0
"['2017', '年', '11', '月', '24', '日', '晚间', '，', '日本', '警方', '对外', '通报', '称', '，', '以', '杀人罪', '对', '中国籍', '男性', '留学生', '陈世峰', '发布', '逮捕令', '，', '指控', '其', '杀害', '了', '中国', '女', '留学生', '江歌', '。', '12', '月', '11', '日', '，', '此案', '将', '在', '东京', '开庭审理', '。', '下午', '，', '江歌', '母亲', '江秋莲及', '众多', '中国', '留学生', '志愿者', '，', '在', '东京', '池袋', '西口', '公园', '集会', '，', '征求', '民众', '署名', '支援', '。', '12', '月', '20', '日', '，', '在', '日本', '东京', '地方', '裁判', '所', '当庭', '宣判', '，', '法院', '以', '故意杀人罪', '和', '恐吓罪', '判处', '被告人', '陈世峰', '有期徒刑', '20', '年', '。', '\r\n']",1.0
"[' ', '解读', '刘鑫', '江歌', '事件', '\r\n']",1.0
"['中文名', ' ', '11', '・', '3', '留日', '女生', '遇害案', ' ', '时', ' ', ' ', ' ', ' ', '间', ' ', '2016', '年', '11', '月', '3', '日', '凌晨', ' ', '地', ' ', ' ', ' ', ' ', '点', ' ', '日本', '东京', '中野', '区', '家中', ' ', '遇', ' ', ' ', ' ', ' ', '难', '中国', '留学生', '江歌', '死亡', '\r\n']",1.0
"['目录', '\r\n']",1.0
"['1', ' ', '案件', '背景', '\r\n']",1.0
"['2', ' ', '案件', '经过', '\r\n']",1.0
"['3', ' ', '案件', '处理', '\r\n']",1.0
"['4', ' ', '社会', '影响', '\r\n']",1.0
"['5', ' ', '案件', '管辖', '\r\n']",1.0
"['案件', '背景', '编辑', '\r\n']",1.0
"['江歌', '\r\n']",1.0
"['江歌', ' ', '[', '1', ']', '\r\n']",1.0
"['被害', '的', '中国', '女生', '江歌', '1992', '年出', '生于', '山东', '青岛', '。', '2015', '年', '，', '江歌', '到', '日本', '语言', '学校', '开始', '留学', '生涯', '，', '2016', '年入', '读', '日本', '法政', '大', '学院', '硕士', '研究生', '一年级', '，', '遇害', '时年', '仅', '24', '岁', '。', ' ', '[', '2', ']', ' ', ' ', '案发前', '，', '江歌', '与', '刘鑫', '共同', '租房', '居住', '，', '两人', '租住', '的', '公寓', '位于', '东京', '中野', '区', '中野', '6', '丁目', '。', '两名', '女孩', '的', '共同', '朋友', '曾称', '，', '江歌', '与', '刘鑫', '两人', '感情', '亲近', '要', '好', '，', '2016', '年', '11', '月', '2', '日', '两人', '还', '曾', '一起', '外出', '，', '案发', '之前', '也', '是', '一起', '回', '的', '家', ' ', '[', '3', ']', ' ', ' ', '。', '\r\n']",1.0
"['嫌犯', '陈世峰', '25', '岁', '，', '是', '来自', '中国', '的', '留学生', '，', '在', '日本', '大', '东', '文化', '大学', '就读', '硕士', '一年级', ' ', '[', '4', ']', ' ', ' ', '，', '是', '江歌', '室友', '刘鑫', '的', '前男友', '。', '在', '案发', '数月', '前', '，', '犯罪', '嫌疑人', '陈世峰', '曾', '与', '刘鑫', '共同', '居住', '在', '板桥', '区', '的', '一所', '公寓', '。', '由于', '两人', '之间', '发生', '矛盾', '，', '刘鑫', '搬', '至', '位于', '中野', '的', '江歌', '住处', ' ', '[', '5', ']', ' ', ' ', '。', '\r\n']",1.0
"['案件', '经过', '编辑', '\r\n']",1.0
"['日本', '媒体报道', '本案', '嫌疑人', '陈世峰', '\r\n']",1.0
"['日本', '媒体报道', '本案', '嫌疑人', '陈世峰', ' ', '[', '6', ']', '\r\n']",1.0
"['2016', '年', '11', '月', '3', '日', '凌晨', '，', '中国', '女', '留学生', '江歌', '在', '其', '租住', '的', '公寓', '中', '遇害', '，', '案发', '于', '日本', '东京', '中野', '区', '。', '据', '日本', '警方', '公布', '，', '江歌', '头部', '遭', '利刃', '砍伤', '，', '伤口', '长达', '10', '厘米', '，', '案发', '15', '分钟', '前', '，', '江歌', '还', '曾', '报警', '称', '公寓', '外有', '可疑人物', '。', '但', '当', '警方', '赶到', '公寓', '时', '，', '看到', '的', '却是', '倒', '在', '血泊', '中', '的', '江歌', '，', '江歌', '被', '送往', '医院', '不久', '后伤', '重不治而亡', ' ', '[', '3', ']', ' ', ' ', '。', '\r\n']",1.0
"['案件', '处理', '编辑', '\r\n']",1.0
"['2016', '年', '11', '月', '4', '日', '（', '东京', '当地', '时间', '）', '，', '江秋莲', '抵达', '东京', '，', '随后', '便', '展开', '了', '一系列', '签名', '请愿', '活动', '的', '准备', '工作', '，', '包括', '在', '社交', '网站', '与', '软件', '上', '发布', '信息', '等', '，', '十几位', '志愿者', '也', '加入', '其中', '，', '帮助', '制作', '展板', '、', '展', '\r\n']",1.0
"['江歌', '母亲', '发布会', '现场', '\r\n']",1.0
"['江歌', '母亲', '发布会', '现场', '\r\n']",1.0
"['示牌', '等', '用具', '。', '\r\n']",1.0
"['2016', '年', '11', '月', '7', '日', '，', '陈世峰', '被', '警方', '逮捕', '，', '日本', '警方', '逮捕', '陈世峰', '的', '理由', '是', '他', '曾', '威胁', '过', '刘鑫', '。', '\r\n']",1.0
"['2017', '年', '11', '月', '12', '日', '，', '江歌', '母亲', '江秋莲', '对', '签名', '现场', '的', '华人华侨', '说', '，', '如果', '没有', '好心人', '的', '帮助', '，', '自己', '很', '可能', '已', '随江歌', '而', '去', '，', '如今', '看到', '有', '这么', '多', '同胞', '鼓励', '和', '支持', '，', '她', '有', '信心', '继续', '走', '下去', '。', ' ', '[', '2', ']', ' ', ' ', '[', '7', ']', ' ', '\r\n']",1.0
"['2017', '年', '11', '月', '24', '日', '，', '日本', '警方', '终于', '以', '“', '杀人', '嫌疑', '”', '对', '陈世峰', '发布', '另', '一张', '逮捕令', '，', '明确', '将', '其', '定为', '“', '江歌', '遇害案', '”', '的', '嫌犯', '。', '\r\n']",1.0
"['2017', '年', '12', '月', '20', '日', '下午', '3', '点', '，', '江歌', '被', '杀', '一案', '，', '在', '日本', '东京', '地方', '裁判', '所', '当庭', '宣判', '，', '法院', '以', '故意杀人罪', '和', '恐吓罪', '判处', '被告人', '陈世峰', '有期徒刑', '20', '年', '。', ' ', '[', '8', ']', ' ', '\r\n']",1.0
"['2017', '年', '12', '月', '22', '日', '，', '陈世峰', '提交', '控诉状', '，', ' ', '[', '9', ']', ' ', ' ', '29', '日', '陈世峰', '撤诉', '，', '上诉', '期限', '是', '1', '月', '4', '日', '，', '东京', '地方法院', '1', '月', '5', '号', '正式', '公布', '陈世峰', '撤诉', '消息', '。', '此案', '就此结束', '，', '陈世峰', '被', '执行', '20', '年', '刑期', '。', ' ', '[', '10', ']', ' ', '\r\n']",1.0
"['[', '11', ']', ' ', '\r\n']",1.0
"['社会', '影响', '编辑', '\r\n']",1.0
"['江歌', '母亲', '（', '右', '）', '\r\n']",1.0
"['江歌', '母亲', '（', '右', '）', '\r\n']",1.0
"['2017', '年', '5', '月', '21', '日', '，', '江歌', '母亲', '在', '网上', '曝光', '了', '刘鑫', '全家人', '的', '家庭', '住址', '、', '工作', '单位', '、', '车牌号', '等', '信息', '。', '\r\n']",1.0
"['2017', '年', '6', '月', '1', '日', '，', '最高人民法院', '和', '最高人民检察院', '“', '关于', '侵犯', '公民', '个人信息', '刑事案件', '适用法律', '若干', '问题', '的', '解释', '”', '开始', '正式', '施行', '，', '进一步', '强调', '情节严重', '要入', '刑', '。', '\r\n']",1.0
"['2017', '年', '11', '月', '12', '日', '，', '江歌', '母亲', '江秋莲', '在', '十几名', '志愿者', '的', '帮助', '下', '在', '东京', '池袋', '西口', '公园', '举行', '请愿', '签名', '活动', '。', '很多', '人', '聚集', '在', '公园', '内', '参加', '活动', '，', '大家', '有秩序地', '排队', '、', '签名', '、', '并', '慰问', '江秋莲', '。', ' ', '[', '2', ']', ' ', ' ', '[', '7', ']', ' ', '\r\n']",1.0
"['案件', '管辖', '编辑', '\r\n']",1.0
"['根据', '属地', '管辖', '原则', '的', '相关', '规定', '，', '一国', '公民', '在', '他国', '发生', '刑事犯罪', '，', '应', '按照', '犯罪', '发生地', '国', '法律', '优先', '的', '原则', '进行', '处理', '，', '即', '犯罪', '发生地', '所在国', '具有', '优先', '管辖权', '。', '以江', '歌案', '为例', '，', '该案', '发生', '在', '日本', '，', '即使', '案件', '的', '犯罪', '嫌疑人', '和', '被害人', '同', '为', '中国', '人', '，', '也', '会', '根据', '属地', '原则', '，', '依据', '日本', '的', '刑事法律', '对', '其', '行为', '进行', '审判', '。', '\r\n']",1.0
"['江歌', '母亲', '发布会', '现场', '\r\n']",1.0
"['江歌', '母亲', '发布会', '现场', '\r\n']",1.0
"['依据', '中国', '刑法', '第十条', '规定', '：', '凡', '在', '中华人民共和国', '领域', '外', '犯罪', '，', '依照', '本法', '应当', '负', '刑事责任', '的', '，', '虽然', '经过', '外国', '审判', '，', '仍然', '可以', '依照', '本法', '追究', '，', '但是', '在', '外国', '已经', '受过', '刑罚', '处罚', '的', '，', '可以', '免除', '或者', '减轻', '处罚', '。', ' ', '就', '江歌', '案件', '而言', '，', '刘鑫', '的', '前男友', '如果', '在', '日本', '受到', '刑事', '处罚', '后', '，', '中国', '司法机关', '仍', '可', '依法', '对', '其', '享有', '追诉权', '。', '\r\n']",1.0
"['依据', '最高', '法', '《', '关于', '适用', '〈', '中华人民共和国', '刑事诉讼法', '〉', '的', '解释', '》', '第八条', '规定', '：', '由', '其', '入境', '地', '或者', '离境', '前', '居住地', '的', '人民法院', '管辖', '；', '被害人', '是', '中国', '公民', '的', '，', '也', '可', '由', '被害人', '离境', '前', '居住地', '的', '人民法院', '管辖', '。', '具体', '到', '该案', '，', '如果', '刘鑫', '的', '前男友', '回到', '中国', '，', '在', '追究其', '刑事责任', '时', '，', '则', '由', '其', '入境', '地', '或', '离境', '前', '居住地', '的', '人民法院', '管辖', '，', '也', '可以', '由', '被害人', '江歌', '离境', '前', '居住地', '的', '人民法院', '管辖', '。', ' ', '[', '12', ']', ' ', '\r\n']",1.0
"['词条', '图册', ' ', '更', '多', '图册', '\r\n']",1.0
"['解读', '词条', '背后', '的', '知识', '\r\n']",1.0
"[' ', '\r\n']",1.0
"['谁', '曾', '遇见', '风', ' ', '影评人', '、', '言情小说', '作者', '\r\n']",0.0
['\r\n'],1.0
"['江歌', '事件', '|', '如果', '以为', '之前', '的', '道德', '谴责', '软弱无力', '，', '那', '就', '太', '无知', '了', '\r\n']",1.0
"['刘鑫', '以及', '她', '的', '父母', '，', '如果', '以为', '之前', '的', '道德', '谴责', '软弱无力', '，', '那', '就', '太', '无知', '了', '。', '刘鑫', '曾', '质疑', '中国', '的', '法律', '，', '岂不知', '，', '属地', '管辖', '的', '日本', '有权', '管', '这种', '案子', '，', '属人', '管辖', '的', '中国', '同样', '有权', '管', '，', '除非', '凶手', '和', '她', '不是', '中国', '公民', '。', '\r\n']",1.0
['\r\n'],1.0
"['2017', '-', '11', '-', '146645', '阅读', '428879', '\r\n']",1.0
"['参考资料', '\r\n']",1.0
"['1', '.', ' ', ' ', '青岛', '留日', '女生', '遇害案', '凶手', '是', '室友', '前男友', '，', '同', '为', '留学生', '！', ' ', ' ', '．', '大众网', '[', '引用', '日期', '2017', '-', '11', '-', '14', ']', '\r\n']",1.0
"['2', '.', ' ', ' ', '江歌', '案庭审', '临近', ' ', '江母', '日本', '池袋', '举行', '请愿', '署名', '活动', ' ', ' ', '．', '中国', '网', '[', '引用', '日期', '2017', '-', '11', '-', '29', ']', '\r\n']",1.0
"['3', '.', ' ', ' ', ' ', '留日', '女生', '遇害案', '告破', ' ', '犯罪', '嫌疑人', '为', '其', '室友', '前男友', '（', '3', '）', ' ', ' ', '．', '央广网', '[', '引用', '日期', '2017', '-', '11', '-', '14', ']', '\r\n']",1.0
"['4', '.', ' ', ' ', '留日', '女生', '遇害案', '告破', ' ', '犯罪', '嫌疑人', '为', '其', '室友', '前男友', '（', '2', '）', ' ', ' ', '．', '央广网', '[', '引用', '日期', '2017', '-', '11', '-', '14', ']', '\r\n']",1.0
"['5', '.', ' ', ' ', '留日', '女生', '遇害案', '告破', ' ', '犯罪', '嫌疑人', '为', '其', '室友', '前男友', ' ', ' ', '．', '央广网', '[', '引用', '日期', '2017', '-', '11', '-', '14', ']', '\r\n']",1.0
"['6', '.', ' ', ' ', '江歌', '被害', '刘鑫', '无罪', '，', '人们', '为什么', '没有', '耐心', '听', '刘鑫', '的', '自辩', ' ', ' ', '．', '凤凰网', '[', '引用', '日期', '2017', '-', '11', '-', '14', ']', '\r\n']",1.0
"['7', '.', ' ', ' ', '江歌', '母亲', '求判', '凶手', '死刑', ' ', '200', '万人', '网上', '参与', '请愿', '签名', ' ', ' ', '．', '网易', '[', '引用', '日期', '2017', '-', '11', '-', '24', ']', '\r\n']",1.0
"['8', '.', ' ', ' ', '江歌', '案一审', '宣判', '：', '陈世峰', '获刑', '20', '年', ' ', '法庭', '上', '一度', '晕倒', ' ', ' ', '．', '腾讯', '[', '引用', '日期', '2017', '-', '12', '-', '20', ']', '\r\n']",1.0
"['9', '.', ' ', ' ', '江歌', '母亲', '回应', '陈世峰', '上诉', '：', '必须', '惩罚', '！', ' ', ' ', '．', '凤凰网', '[', '引用', '日期', '2017', '-', '12', '-', '27', ']', '\r\n']",1.0
"['10', '.', ' ', ' ', '“', '江歌案', '”', '被告人', '陈世峰', '不再', '上诉', ' ', '此前', '被判', '20', '年', '刑期', ' ', ' ', '．', '界面', '[', '引用', '日期', '2018', '-', '01', '-', '05', ']', '\r\n']",1.0
"['词条', '标签', '：', '\r\n']",1.0
"['社会', '\r\n']",1.0
"[' ', '\r\n']",1.0
"['11', '・', '3', '留日', '女生', '遇害案', '图册', '\r\n']",1.0
"[' ', '解读', '词条', '背后', '的', '知识', '\r\n']",1.0
"[' ', '\r\n']",1.0
"['谁', '曾', '遇见', '风', ' ', '影评人', '、', '言情小说', '作者', '\r\n']",1.0
"[' ', ' ', '江歌', '事件', '|', '如果', '以为', '之前', '的', '道德', '谴责', '软弱无力', '，', '那', '就', '太', '无知', '了', '\r\n']",1.0
"['刘鑫', '以及', '她', '的', '父母', '，', '如果', '以为', '之前', '的', '道德', '谴责', '软弱无力', '，', '那', '就', '太', '无知', '了', '。', '刘鑫', '曾', '质疑', '中国', '的', '法律', '，', '岂不知', '，', '属地', '管辖', '的', '日本', '有权', '管', '这种', '案子', '，', '属人', '管辖', '的', '中国', '同样', '有权', '管', '，', '除非', '凶手', '和', '她', '不是', '中国', '公民', '。', '\r\n']",1.0
"['V', '百科', '往期', '回顾', '\r\n']",1.0
"[' ', '\r\n']",1.0
"[' ', '\r\n']",1.0
"['词条', '统计', '\r\n']",1.0
"['浏览', '次数', '：', '4078269', '次', '\r\n']",0.0
"['编辑', '次数', '：', '20', '次', '历史', '版本', '\r\n']",1.0
"['最近', '更新', '：', '2018', '-', '04', '-', '24', '\r\n']",1.0
"['创建者', '：', 'yanlis', '\r\n']",1.0
['\r\n'],1.0
"['猜', '你', '关注', '\r\n']",1.0
"['上海', '装修', '公司', '汽车', '0', '首付', '搬家', '一般', '多少', '钱', '腻子', '喷涂机', '789', '游戏', '中心', '热血', '海贼王', '品牌设计', 'p2p', '投资', '理财', '老人', '手机', '电地', '暖', '价格', '\r\n']",1.0
['\r\n'],1.0
"['新', '手上', '路', '\r\n']",1.0
"['成长', '任务', '编辑', '入门', '编辑', '规则', '本人', '编辑', 'new', '\r\n']",1.0
"['我', '有', '疑问', '\r\n']",1.0
"['我要', '质疑', '在线', '客服', '参加', '讨论', '意见反馈', '\r\n']",1.0
"['投诉', '建议', '\r\n']",1.0
"['举报', '不良信息', '未', '通过', '词条', '申诉', '投诉', '侵权', '信息', '封禁', '查询', '与', '解封', '\r\n']",1.0
"['?', '2018', ' ', 'Baidu', ' ', '使用', '百度', '前', '必读', ' ', '|', ' ', '百科', '协议', ' ', '|', ' ', '隐私', '政策', ' ', '|', ' ', '百度', '百科', '合作', '平台', ' ', '|', ' ', '京', 'ICP', '证', '030173', '号', ' ', '\r\n']",1.0
"['京', '公网', '安备', '11000002000001', '号', '\r\n']",1.0
"['分享', '\r\n']",1.0
[' '],1.0
"['\ufeff', 'https', ':', '/', '/', 'www', '.', 'sohu', '.', 'com', '/', 'a', '/', '204379171', '_', '166259', '\r\n']",1.0
['\r\n'],1.0
"['他', '看', '了', '江歌', '被害案', '的', '卷案', '，', '真相', '可能', '比', '你', '想象', '的', '残酷', '搜狐', '教育', '搜狐网', '?', '浮生六记', '江歌', '来源', '：', '精英', '说', '（', '）', '死去', '的', '江歌', '，', '崩溃', '的', '母亲', '，', '怒燃', '的', '舆论', '，', '这个', '秋天', '显得', '格外', '寒冷', '如今', '，', '江秋莲', '在', '东京', '，', '为', '女儿', '的', '死', '讨', '一个', '说法', '。', '见到', '她', '的', '网友', '说', '：', '她', '很', '憔悴', '，', '真的', '好', '难过', '。', '大家', '难过', '在于', '，', '不知', '怎么', '才能', '帮助', '到', '他', '看', '了', '江歌', '被害案', '的', '卷案', '，', '真相', '可能', '比', '你', '想象', '的', '残酷', '来源', '：', '精英', '说', '（', '）', '死去', '的', '江歌', '，', '崩溃', '的', '母亲', '，', '怒燃', '的', '舆论', '，', '这个', '秋天', '显得', '格外', '寒冷', '如今', '，', '江秋莲', '在', '东京', '，', '为', '女儿', '的', '死', '讨', '一个', '说法', '。', '见到', '她', '的', '网友', '说', '：', '她', '很', '憔悴', '，', '真的', '好', '难过', '。', '大家', '难过', '在于', '，', '不知', '怎么', '才能', '帮助', '到', '加载', '监控', '代码', '解Q', '不', '支持', '的', '问题', '搜狐', '首页', '新闻', '体育', '汽车', '房产', '旅游', '教育', '时尚科技', '财经', '娱乐', '更', '多', '母婴', '健康', '历史', '军事', '美食', '文化', '星座', '社会', '游戏', '搞笑', '动漫', '宠物', '搜狐', '教育', '正文', '浮生六记', '文章', '总', '阅读', '查看', '的', '文章', '他', '看', '了', '江歌', '被害案', '的', '卷案', '，', '真相', '可能', '比', '你', '想象', '的', '残酷', '来源', '浮生六记', '日本', '原', '标题', '：', '他', '看', '了', '江歌', '被害案', '的', '卷案', '，', '真相', '可能', '比', '你', '想象', '的', '残酷', '来源', '：', '精英', '说', '（', '）', '死去', '的', '江歌', '，', '崩溃', '的', '母亲', '，', '怒燃', '的', '舆论', '，', '这个', '秋天', '显得', '格外', '寒冷', '如今', '，', '江秋莲', '在', '东京', '，', '为', '女儿', '的', '死', '讨', '一个', '说法', '。', '见到', '她', '的', '网友', '说', '：', '她', '很', '憔悴', '，', '真的', '好', '难过', '。', '大家', '难过', '在于', '，', '不知', '怎么', '才能', '帮助', '到', '这位', '绝望', '的', '母亲', '。', '江秋莲', '来自', '山东人', '，', '在', '女儿', '江歌', '出生', '的', '时候', '，', '她', '爸', '很', '生气', '，', '说', '，', '你', '妈', '，', '怎么', '是', '个', '女儿', '…', '当江歌', '因为', '女孩', '的', '身份', '，', '被', '亲生', '父亲', '抛弃', '的', '时候', '，', '我们', '这个', '社会', '就', '亏欠', '她', '太', '多', '。', '之后', '，', '母女俩', '的', '生活', '充满', '了', '打骂', '虐待', '，', '婚姻', '中', '出现', '了', '第三者', '，', '屈辱', '太过', '，', '江秋莲', '在', '女儿', '一岁', '半', '时', '离了婚', '。', '她', '曾', '为了', '孩子', '得到', '父爱', '，', '而', '把', '小江歌', '的', '照片', '寄给', '前夫', '，', '却', '被', '前夫', '的', '妻子', '把', '孩子', '的', '照片', '从', '中间', '剪掉', '鼻子', '寄', '了', '回来', '。', '从此', '，', '血缘', '断', '了', '。', '她们', '母女', '再也', '没有', '见过', '那个', '男人', '。', '江秋莲', '很', '要强', '，', '不', '那么', '要强', '，', '或许', '当初', '根本', '不会', '离婚', '。', '江秋莲', '也', '很', '坚忍', '：', '“', '这', '孩子', '跟', '他', '没', '任何', '关系', '，', '这', '孩子', '就是', '我', '一个', '人', '的', '孩子', '。', '你', '既然', '嫌弃', '她', '是', '个', '女孩', '，', '那么', '就', '由', '我', '一个', '人', '把', '她', '抚养', '长大', '。', '”', '她', '搬离', '娘家', '，', '带', '着', '江歌', '租房', '。', '她', '发誓', '要', '一个', '人', '把', '女儿', '培养', '成人', '，', '培养', '成', '一个', '不会', '遭', '任何人', '嫌弃', '的', '人才', '。', '一个', '女人', '，', '独立', '拉扯', '大', '一个', '孩子', '，', '这些', '几十年', '来', '吃', '的', '苦头', '根本', '就', '说不完', '。', '最', '困难', '的', '时候', '，', '饭', '都', '吃不起', '，', '租房', '块钱', '，', '她', '还', '欠', '了', '人家', '好几个', '月', '。', '摆地摊', '，', '在', '集市', '上', '批发', '布料', '做', '衣服', '，', '打零工', '养活', '自己', '与', '女儿', '。', '她', '爱护', '女儿', '，', '倾尽', '所有', '培养', '江歌', '、', '供', '她', '读书', '。', '即便', '在', '最', '艰难', '的', '环境', '里', '，', '人', '的', '心', '也', '能', '开出', '花', '。', '初中', '时', '，', '家里', '买', '电脑', '，', '江歌', '爱', '上', '动漫', '，', '逐渐', '从', '动漫', '了解', '了', '日本', '文化', '，', '一直', '想', '去', '看', '外面', '的', '世界', '，', '想', '去', '日本', '留学', '。', '江秋莲', '看', '懂', '了', '女儿', '内心', '的', '渴望', '，', '但', '哪里', '来', '一大笔钱', '？', '后来', '，', '村里', '拆迁', '分', '了', '两间', '小', '产权', '房', '，', '漂来漂去', '的', '母女', '才', '安定', '下来', '。', '刚一', '安定', '，', '江秋莲', '就', '四十多万', '块钱', '卖', '了', '一套', '，', '送', '女儿', '去', '日本', '。', '年月日', '凌晨', '，', '女儿', '跟', '她', '语音', '说', '要', '找', '个', '好', '工作', '，', '赚钱', '让', '母亲', '享福', '。', '几天', '后', '，', '江秋莲', '赶到', '东京', '，', '却', '看见', '：', '女儿', '躺', '在', '那里', '，', '一头', '黑亮', '的', '头发', '没有', '了', '，', '漂亮', '的', '衣服', '不见', '了', '，', '眼睛', '半睁', '，', '嘴巴', '不能', '闭合', '，', '“', '看到', '这些', '，', '痛死', '我', '了', '，', '痛死', '我', '了', '”', '她', '嚎啕大哭', '：', '“', '凶手', '太', '残忍', '了', '哪怕', '给', '我', '留', '一个', '残疾', '的', '女儿', '，', '我', '也', '能', '有', '一点', '希望', '。', '现在', '都', '没有', '了', '”', '“', '从始至终', '，', '没有', '人比', '她', '更', '理智', '江歌案', '发展', '至今', '，', '已然', '成为', '一场', '引爆', '互联网', '的', '公共', '议题', '，', '但', '精英', '说', '注意', '到', '某些', '大对', '该', '话题', '的', '讨论', '画风', '却', '开始', '跑', '偏', '。', '有人', '说', '那些', '签名', '支持', '陈世峰', '的', '网民', '是', '杀气腾腾', '的', '乌合之众', '；', '有人', '说', '刘鑫', '也', '是', '该', '案件', '的', '受害者', '，', '不应', '被', '千夫所指', '；', '更', '有人', '说', '，', '整个', '舆论', '场', '，', '都', '是', '江歌', '的', '母亲', '在', '搅动', '，', '这些', '都', '是', '一面之词', '。', '“', '被', '丧女', '之痛', '裹挟', '的', '她', '，', '精神状态', '接近', '于', '癫狂', '。', '她', '的话', '不可', '信', '”', '互联网', '舆情', '确实', '存在', '诸多', '宣泄', '的', '情绪', '和', '非理性', '的', '声音', '，', '但', '如果', '你', '认真', '回顾', '江歌', '遇害', '一案', '，', '你', '可以', '发现', '在', '这场', '悲剧', '中', '，', '没有', '任何人', '能比', '江歌', '的', '母亲', '更', '理智', '、', '冷静', '，', '即使', '她', '经历', '了', '人世间', '最', '惨烈', '痛苦', '对于', '不', '了解', '整个', '事件', '的', '朋友', '来说', '，', '下面', '这', '张图', '或许', '可以', '告诉', '你', '一切', '。', '今年', '月', '，', '江歌', '接受', '了', '《', '局面', '》', '的', '采访', '，', '在', '镜头', '面前', '，', '江歌', '妈妈', '始终保持', '着', '令人', '震撼', '的', '清醒', '、', '体面', '和', '坚定', '。', '她', '的', '每句话', '，', '几乎', '都', '有', '充分', '论证', '和', '事实', '依据', '。', '接到', '噩耗', '，', '她', '在', '村干部', '的', '帮助', '下', '第一', '时间', '赶到', '日本料理', '后事', '，', '亲手', '送', '自己', '最', '亲爱', '的', '女儿', '最后', '一程', '。', '案发', '第二天', '，', '她', '从', '绝望', '中', '站', '起来', '，', '像', '一头', '发疯', '的', '母', '狮子', '开启', '了', '追凶', '惩恶', '、', '讨还', '公道', '的', '漫漫', '征途', '。', '就', '在', '这', '一天', '，', '她', '准确', '指认', '了', '案件', '嫌疑人', '，', '“', '陈世峰', '”', '三个', '字', '，', '第一次', '出现', '在', '公众', '和', '警方', '视野', '里', '。', '随后', '的', '时间', '里', '，', '她', '料理', '着', '江歌', '的', '后事', '，', '跟进', '着', '日本', '警方', '的', '调查', '，', '多方', '寻求', '旅日', '热心', '华人', '的', '帮助', '，', '在', '互联网', '上', '不知疲倦', '地', '乞求', '网友', '关注', '，', '当然', '，', '还', '在', '强忍', '悲痛', '试着', '与', '刘鑫', '一家', '三口', '进行', '沟通', '，', '她', '没有', '一句', '责备', '、', '没有', '一句', '怨言', '，', '没有', '丝毫', '利益', '诉求', '。', '她', '要', '的', '只有', '一个', '，', '真相', '。', '究竟', '那天', '晚上', '发生', '了', '什么', '，', '自己', '的', '女儿', '为什么', '平白无故', '命丧', '屠刀', '之下', '？', '即便', '是', '这样', '一个', '最低', '限度', '的', '请求', '，', '换来', '的', '却是', '刘鑫', '一家', '三口', '的', '警惕', '、', '斥责', '、', '拉黑', '以至于', '不堪入耳', '的', '下流', '辱骂', '。', '直到', '今年', '月份', '，', '她', '赴', '日本', '面见', '检察官', '，', '看到', '第一份', '案卷', '资料', '。', '她', '被', '卷宗', '记载', '刘鑫', '的', '所作所为', '震惊', '了', '，', '她', '对', '刘鑫', '全家', '一直', '以来', '的', '极端', '冷血', '自私', '绝望', '了', '，', '在', '试过', '所有', '沟通', '方式', '都', '被', '拒绝', '的', '情况', '下', '，', '月', '日', '，', '她', '第一次', '在', '网上', '公开', '揭露', '刘鑫', '全家', '的', '作为', '和', '面目', '。', '她', '公布', '了', '刘鑫', '全家', '的', '身份', '信息', '，', '可', '她', '文章', '的', '末尾', '流露出', '了', '自己', '的', '无奈', '。', '她', '何尝', '不', '知道', '公布', '他人', '信息', '违法', '？', '她', '何尝', '不', '“', '担心', '作为', '关键', '证人', '的', '刘鑫', '变本加厉', '甚至', '倒', '向', '陈世峰', '一方', '”', '？', '她', '何尝', '不', '知道', '这样', '的', '举动', '会', '失去', '不少', '网民', '的', '支持', '？', '可', '她', '已经', '等', '了', '整整', '个', '月', '时间', '，', '耗尽', '了', '所有', '的', '耐心', '，', '试过', '了', '所有', '的', '方法', '，', '难道', '要', '眼睁睁', '看着', '刘鑫', '全家', '逍遥', '远去', '，', '自己', '死去', '的', '女儿', '白白', '牺牲', '性命', '吗', '？', '在', '舆论压力', '下', '，', '刘鑫', '家人', '立刻', '暴跳如雷', '了', '。', '永远', '无法', '接通', '的', '电话', '，', '这次', '竟然', '自己', '拨号', '过来', '。', '当然', '，', '是', '斥责', '、', '警告', '、', '辱骂', '，', '是', '世界', '上', '最', '冷血', '肮脏', '的', '两句话', '：', '“', '你', '闺女', '命短', '”', '“', '不', '识', '可怜', '的', '鸡巴', '的', '东西', '”', '而江歌', '妈妈', '，', '面对', '毫无悔意', '、', '骄横', '跋扈', '的', '夫妻俩', '，', '自始至终', '连', '半个', '脏字', '的', '都', '没有', '。', '月', '日', '，', '江歌', '死去', '的', '第天', '。', '刘鑫', '第一次', '出现', '在', '了', '江歌', '妈妈', '面前', '。', '面对', '刘鑫', '的', '虚伪', '承诺', '、', '假意', '泪水', '、', '试图', '搂抱', '的', '心机', '，', '江歌', '妈妈', '强忍', '住', '内心', '的', '伤痛', '。', '没有', '动', '刘鑫', '一个', '指头', '，', '没有', '说出', '一句', '刻薄', '的', '话语', '。', '面对', '刘鑫', '拿出', '的', '江歌', '遗物', '，', '江歌', '妈妈', '情绪', '终于', '崩溃', '，', '她', '也', '只是', '在', '重复', '下面', '这句', '话', '：', '我', '现在', '求', '你', '离开', '，', '我', '现在', '求', '你', '离开', '…', '…', '网友', '们', '，', '你们', '还', '在', '哪里', '见过', '这样', '坚韧不拔', '、', '隐忍', '克制', '的', '女人', '？', '她', '可是', '刚刚', '丧失', '了', '生命', '中', '唯一', '的', '支柱', '、', '数十年', '爱', '与', '心血', '凝结', '的', '女儿', '啊', '的确', '，', '江歌', '妈妈', '侵犯', '了', '刘鑫', '及其', '家人', '的', '隐私权', '，', '但', '在', '作出', '这', '一切', '之前', '，', '想必', '她', '已经', '准备', '好', '承担', '全部', '法律', '后果', '，', '为了', '给', '女儿', '讨回公道', '，', '还有', '什么', '风险', '她', '不敢', '承受', '呢', '？', '法律', '的', '归', '法律', '，', '作为', '看客', '，', '我们', '又', '何必', '揪住', '这', '一点', '不', '放', '，', '对江歌', '妈妈', '过分', '进行', '道德', '谴责', '？', '“', '刘鑫', '是', '受害者', '吗', '刘鑫', '在', '接受', '《', '局面', '》', '采访', '时', '，', '一番', '对', '自身', '遭遇', '的', '哭诉', '后', '，', '她', '抽泣', '着', '质问', '广大', '网友', '。', '“', '日本', '警察', '说', '我', '也', '是', '受害者', '，', '可', '为什么', '我', '没有', '感觉', '到', '（', '自己', '被', '当做', '受害者', '）', '？', '”', '连', '不少', '网络', '评论', '文章', '中', '也', '反复', '讲', '，', '“', '刘鑫', '也', '是', '受害者', '”', '，', '“', '刘鑫', '虽然', '有', '错', '，', '却', '非罪', '不可', '赦', '”', '。', '那么', '，', '刘鑫', '是', '受害者', '吗', '？', '在', '陈世峰', '与', '刘鑫', '的', '感情纠葛', '中', '，', '刘鑫', '究竟', '做', '了', '什么', '，', '让', '陈世峰', '始终', '难以', '释怀', '变成', '杀人', '恶魔', '的', '？', '真相', '至今', '未', '明', '，', '我们', '也', '毫无', '兴趣', '探究', '。', '但', '可以', '确定', '的', '是', '，', '只有', '陈世峰', '的', '蜕变', '历程', '中', '，', '刘鑫', '扮演', '了', '催化作用', '。', '那么', '，', '陈世峰', '对', '刘鑫', '的', '骚扰', '、', '恐吓', '，', '刘鑫', '也', '称不上', '全然', '无辜', '的', '受害者', '，', '准确', '地说', '，', '应该', '是', '纠纷', '参与者', '、', '案件', '当事人', '。', '在', '陈世峰', '杀害', '江歌', '一案', '中', '，', '凶手', '是', '陈世峰', '、', '受害者', '是', '江歌', '，', '犯罪现场', '在', '出租房', '门外', '。', '刘鑫', '在', '哪里', '？', '在', '房门', '之内', '安安稳稳', '地', '“', '更换', '因为', '例假', '污染', '的', '裤子', '”', '。', '图为', '江歌', '和', '刘鑫', '一位', '自始至终', '根本', '没有', '出现', '在', '案发现场', '的', '人', '，', '凭', '什么', '自称', '“', '也', '是', '受害者', '”', '？', '难道', '仅仅', '因为', '善良', '勇敢', '的', '江歌', '，', '被', '刘鑫', '当做', '挡箭牌', '并', '最终', '命丧', '黄泉', '，', '就', '为', '刘鑫', '也', '挣得', '了', '一枚', '受害者', '的', '勋章', '？', '岂有此理', '刘鑫', '的', '委屈', '，', '更', '像是', '极端', '自私', '心态', '下', '的', '顾影自怜', '。', '在', '她', '的', '世界', '里', '，', '只有', '自己', '的', '利益', '才', '是', '重要', '的', '，', '只有', '自己', '的', '权利', '才', '应该', '被', '尊重', '，', '自己', '的', '任何', '委屈', '都', '会', '被', '放大', '为', '“', '受害者', '心态', '”', '。', '面对', '《', '局面', '》', '的', '镜头', '，', '她', '说', '自己', '对', '自己', '和', '自己', '家人', '受到', '的', '“', '骚扰', '”', '，', '始终', '“', '无法', '释怀', '”', '。', '可', '她', '从来', '没有', '问过', '自己', '，', '为什么', '对江歌', '的', '死', '，', '就', '那么', '容易', '释怀', '？', '以至于', '像', '整件', '事情', '都', '没有', '发生', '过', '一样', '？', '“', '即使', '我们', '知道', '陈世峰', '不会', '判', '死刑', '，', '但', '我们', '要', '让', '正义', '发声', '陈世', '峰会', '被', '判处死刑', '吗', '？', '这', '概率', '无限', '接近', '于', '。', '当今世界', '各国', '，', '对于', '死刑', '的', '态度', '分为', '四类', '：', '○', '已经', '明确', '废除', '死刑', '的', '国家', '，', '如', '丹麦', '、', '挪威', '等', '余个', '国家', '○', '虽未', '明确', '废除', '死刑', '，', '但', '实际上', '已经', '停止', '执行', '死刑', '的', '国家', '，', '例如', '爱尔兰', '，', '自年', '以来', '，', '再也', '没有', '执行', '过', '死刑', '；', '○', '极少', '执行', '死刑', '的', '国家', '，', '例如', '日本', '，', '每年', '平均', '适用', '死刑', '不足', '件', '；', '○', '正常', '适用', '死刑', '，', '但', '贯彻', '少杀', '、', '慎杀', '政策', '的', '国家', '，', '例如', '我国', '。', '在', '日本', '，', '一般', '刑事犯罪', '几乎', '不', '可能', '被', '判处死刑', '。', '甚至', '一些', '犯罪', '情节', '极为', '恶劣', '、', '后果', '特别', '严重', '的', '案件', '，', '被告人', '也', '往往', '能', '逃过', '一死', '。', '日本', '最新', '一起', '死刑', '案件', '，', '就', '发生', '在', '几天', '前', '。', '月', '日', '京都', '地方法院', '经', '裁判员', '公审', '，', '裁定', '名叫', 'a', '千佐子', '的', '被告人', '，', '在', '年', '月', '年', '月', '间', '，', '在', '京都', '、', '大阪', '、', '兵库', '犯下', '项', '杀人罪', '，', '项', '抢劫杀人', '未遂', '罪', '。', '受害人', '无一例外', '都', '是', 'a', '千佐子', '的', '合法', '丈夫', '和', '同居', '者', '。', '图为', 'a', '千佐子', '实际上', '，', 'a', '千佐子', '先后', '跟随', '过', '位', '老者', '，', '他们', '先后', '莫名其妙', '死去', '。', '警方', '怀疑', '至少', '其中', '人', '的', '死', '与', 'a', '千佐子', '有关', '。', 'a', '千佐子', '的', '杀人', '方法', '也', '很', '残忍', '，', '使用', '的', '是', '剧毒', '氰化物', '，', '趁', '受害人', '不备', '放入', '食物', '或', '饮用水', '中夺', '其', '性命', '，', '最后', '再', '获取', '死者', '的', '巨额', '保险费', '或', '遗产', '。', '即便', '是', '情节', '如此', '卑劣', '、', '杀人', '数量', '众多', '的', 'a', '千佐子', '，', '最终', '才', '被', '判处', '绞刑', '。', '事实上', '，', '这', '还', '不是', '终审', '裁决', '。', 'a', '千佐子', '已经', '提起', '上诉', '。', '最终', '结果', '很', '可能', '还会', '逃过', '死刑', '。', '相比之下', '，', '陈世峰', '是', '外国', '留学生', '，', '并', '无', '犯罪', '记录', '，', '属于', '感情纠葛', '引发', '的', '激情', '杀人', '，', '并', '不', '存在', '谋财害命', '、', '杀人灭口', '等', '恶性', '情节', '，', '也', '仅仅', '剥夺', '了', '条', '生命', '。', '按照', '日本', '判例', '推测', '，', '这种', '情况', '几乎', '不', '可能', '被', '判处死刑', '。', '即便', '江歌', '妈妈', '征得', '了', '近', '万人', '签名', '，', '但', '也', '主要', '来自', '中国', '人', '或', '在', '日', '华人', '，', '并', '不能', '反映', '日本', '社会', '的', '主流', '民意', '，', '被', '法院', '纳入', '考量', '范围', '的', '可能性', '较', '小', '。', '所以', '，', '综合', '这些', '因素', '，', '陈世峰', '被', '判处死刑', '的', '可能性', '几乎', '为', '。', '在', '咪', '蒙', '写下', '那篇刷', '爆', '朋友圈', '的', '《', '刘鑫江', '歌案', '法律', '可以', '制裁', '凶手', '，', '但', '谁', '来', '制裁', '人性', '？', '》', '文章', '后', '，', '有', '媒体', '人', '指出', '，', '这是', '一篇', '杀气腾腾', '的', '文章', '，', '立场', '偏激', '、', '煽动', '网民', '、', '“', '燃', '”', '得', '可怕', '。', '咪', '蒙', '号召', '大家', '签名', '判', '凶手', '死刑', '的确', '有', '煽动', '情绪', '之', '嫌', '，', '但', '小', '编想', '说', '，', '网民', '们', '并', '不是', '傻', '，', '不会', '随便', '被', '舆论', '牵着', '走', '。', '我们', '对', '是非', '善恶', '的', '感性', '判断', '，', '往往', '就是', '事情', '的', '真相', '江歌', '的', '母亲', '需要', '的', '是', '真相', '，', '我们', '需要', '真相', '也', '需要', '正义', '得以', '伸张', '江歌', '的', '母亲', '不止一次', '对', '采访者', '说道', '“', '我', '现在', '内心', '很', '脆弱', '，', '多亏', '有', '无数', '的', '正义', '之士', '这样', '支持', '我', '，', '否则', '我', '坚持', '不', '下去', '”', '。', '江歌', '的', '母亲', '还', '说', '“', '如果', '不是', '为了', '给', '江歌', '讨', '一个', '说法', '，', '我', '一定', '早', '已经', '随江歌', '而', '去', '。', '”', '在', '江歌', '的', '坟边', '，', '江歌', '妈妈', '已', '给', '自己', '留', '了', '一个', '空穴', '。', '即使', '我们', '深知', '签名', '这个', '举动', '很傻', '，', '但', '我们', '想', '通过', '那', '蔚为壮观', '的', '签名', '数量', '告诉', '江歌', '的', '母亲', '：', '要', '坚持', '住', '，', '你', '不是', '一个', '人', '正义', '会', '迟到', '，', '但', '它', '不会', '缺席', '“', '他', '看', '了', '江歌', '被害案', '的', '案卷', '亚洲', '通讯社', '的', '社长', '徐静波', '是', '为数不多', '可以', '近距离', '接触', '到', '江歌案', '第一手', '资料', '的', '媒体', '人', '。', '在', '看', '了', '江歌', '被害案', '的', '案卷', '后', '，', '他', '写道', '“', '在', '整个', '案件', '，', '尤其', '是', '江歌', '被害', '过程', '中', '，', '刘鑫', '是', '负有', '很大', '责任', '的', '。', '假如', '，', '陈世峰', '的', '供词', '是', '靠', '谱', '的话', '，', '江歌', '妈妈', '估计', '一辈子', '都', '不会', '原谅', '刘鑫', '”', '精英', '说', '摘抄', '该', '报道', '的', '一部分', '，', '看', '完该', '篇', '报道', '，', '或许', '你', '会', '对', '江歌案', '有', '不同', '的', '看法', '。', '虽然', '一起', '生活', '在', '青岛', '的', '即墨市', '，', '但是', '刘鑫', '父母', '自从', '在', '江歌', '被害', '的', '第二天', '，', '到', '过', '江歌', '妈妈', '的', '地方', '接', '听到', '刘鑫', '的', '电话', '，', '知道', '江歌', '遇害', '而', '自己', '女儿', '没事', '时', '，', '留下', '一句', '：', '“', '刘鑫', '没事', '，', '那', '我们', '就', '走', '。', '”', '从此', '就', '再也', '没有', '露面', '。', '刘鑫', '也', '随后', '切断', '了', '与', '江歌', '妈妈', '的', '联系', '。', '我', '跟', '我们', '通讯社', '的', '日本', '员工', '讨论', '过', '这', '一', '问题', '：', '“', '假如', '，', '这件', '事', '发生', '在', '日本', '人', '身上', '，', '会', '如何', '处理', '？', '”', '他们', '告诉', '我', '，', '虽然', '刘鑫', '已', '过', '岁', '，', '属于', '成年人', '，', '父母', '可以', '不', '承担', '监护', '责任', '，', '但是', '在', '日本', '的话', '，', '父母亲', '不仅', '会', '拿出', '一笔', '钱', '表示', '“', '救', '了', '我', '女儿', '”', '的', '感谢', '之意', '，', '而且', '会', '自始自终', '参与', '丧事', '活动', '，', '头七', '、', '四十九', '天', '、', '周年', '时', '一起', '上坟', '祭奠', '。', '而', '刘鑫', '本人', '一定', '会', '经常', '陪伴', '江歌', '的', '妈妈', '，', '尽', '一份', '“', '女儿', '”', '之职', '。', '如果', '不', '这样', '做', '的话', '，', '不仅', '会', '承担', '很大', '的', '道义责任', '，', '而且', '还会', '遭到', '亲戚朋友', '的', '指责', '。', '因为', '这是', '做人', '的', '基本', '道理', '我举', '日本', '的', '例子', '，', '一定', '会', '有人', '反感', '。', '但是', '，', '我', '觉得', '这才', '是', '正常人', '应该', '做', '的', '正常', '事', '。', '但是', '，', '刘鑫', '和', '刘鑫', '父母', '选择', '了', '逃避', '，', '甚至', '说出', '了', '“', '你', '女儿', '死', '与', '我们', '无关', '”', '、', '“', '你', '女儿', '命短', '”', '这样的话', '来', '。', '所以', '，', '我们', '有时候', '真的', '不能', '怪', '刘鑫', '，', '因为', '家庭', '道义', '甚至', '人性', '的', '缺失', '，', '只会', '导致', '刘鑫', '采取', '逃避', '的', '行动', '―', '―', '虽然', '她', '自己', '也', '已经', '是', '多岁', '的', '人', '。', '人', '只有', '当', '自己', '做', '了', '父母', '，', '有', '了', '孩子', '，', '才', '会', '真切', '体验', '到', '失去', '孩子', '的', '切肉', '之痛', '。', '江歌', '妈妈', '跟', '我', '说', '：', '“', '如果', '不是', '为了', '给', '江歌', '讨', '一个', '说法', '，', '我', '一定', '早', '已经', '随江歌', '而', '去', '。', '”', '在', '江歌', '的', '坟边', '，', '江歌', '妈妈', '给', '自己', '留', '了', '一个', '空穴', '。', '所以', '，', '能够', '支撑', '这', '一位', '单亲', '母亲', '活下去', '的', '勇气', '，', '就是', '这', '一场', '官司', '。', '而', '最能', '抚慰', '这位', '母亲', '孤寂', '痛苦', '心灵', '的', '，', '应是', '刘鑫', '和', '她', '的', '家人', '。', '但是', '，', '刘鑫', '和', '家人', '不仅', '屏蔽', '了', '江歌', '妈妈', '的', '电话', '，', '切断', '了', '与', '江歌', '妈妈', '的', '联系', '，', '甚至', '说出', '不少', '难听', '的话', '，', '还', '搬', '了', '家', '。', '“', '我', '女儿', '是', '为', '刘鑫', '死', '的', '”', '，', '这一', '念头', '，', '一直', '缠绕', '在', '江歌', '妈妈', '的', '心头', '，', '随着', '刘鑫', '一家', '越', '躲', '越远', '，', '这种', '愤怒', '也', '自然', '是', '越积越', '重', '，', '最终', '导致', '江歌', '妈妈', '在', '即墨市', '的', '街头', '张贴', '传单', '，', '一定', '要', '找到', '刘鑫', '。', '这种', '做法', '是不是', '合法', '？', '也许', '不', '合法', '，', '但是', '，', '如果', '换成', '另外', '一位', '母亲', '的话', '，', '也', '会', '这样', '做', '，', '因为', '合理', '。', '正', '因为', '有', '这', '一份', '传单', '，', '终于', '有人', '告诉', '江歌', '妈妈', '，', '刘鑫', '一家', '的', '新', '住址', '和', '电话', '，', '于是', '也', '有', '了', '《', '局面', '》', '的', '登门', '采访', '，', '也', '有', '了', '江歌', '妈妈', '与', '刘鑫', '的', '第一次', '见面', '。', '刘鑫', '最终', '能够', '与', '江歌', '妈妈', '见面', '，', '并', '说出', '“', '阿姨', '，', '对不起', '”', '这句', '话', '，', '这', '还是', '要', '肯定', '她', '的', '，', '说明', '她', '已经', '懂事', '，', '已经', '知道', '做人', '的', '道理', '。', '作为', '这一', '案件', '的', '一名', '当事人', '，', '刘鑫', '也', '承受', '了', '很大', '的', '心理压力', '，', '和', '血淋淋', '现场', '的', '记忆', '冲击', '。', '但是', '，', '如果', '她', '从', '一', '开始', '，', '就', '坚定', '地站', '在', '江歌', '妈妈', '的', '身边', '，', '也许', '，', '情况', '就', '会', '不', '一样', '。', '一', '开始', '错', '了', '，', '以后', '就', '不能', '再错', '。', '我', '想', '，', '社会舆论', '也', '可以', '给', '刘鑫', '一个', '改正', '自己', '过失', '的', '机会', '，', '她', '也', '要', '生活', '下去', '。', '到', '今天上午', '，', '声援', '江歌', '妈妈', '的', '网上', '签名', '，', '已经', '超过', '了', '万', '。', '日本', '是', '一个', '司法独立', '的', '社会', '，', '签名', '不', '一定', '会', '对', '公正', '审判', '构成', '影响', '，', '但是', '，', '会', '给', '法官', '和', '陪审员', '们', '一个', '民意', '的', '参考', '。', '更为重要', '的', '是', '，', '它', '能够', '让', '江歌', '的', '妈妈', '感悟到', '身边', '还有', '人', '在', '帮', '她', '、', '在', '支持', '她', '、', '和', '她', '一样', '没有', '忘记', '已经', '变成', '骨灰', '的', '美丽', '侠义', '的', '女儿', '。', '因为', '事实上', '，', '她', '身边', '除了', '一位', '与', '她', '一起', '饮泪', '的', '老', '母亲', '，', '没有', '其他', '可以', '商量', '和', '依靠', '的', '人', '。', '因为', '江歌', '妈妈', '不', '懂', '日语', '，', '日本', '警方', '和', '检察院', '的', '所有', '调查', '案卷', '的', '复印件', '，', '都', '送到', '了', '我', '的', '办公室', '，', '我', '把', '厚', '达', '一尺', '的', '案卷', '看', '了', '几遍', '，', '包括', '凶手', '陈世峰', '的', '供词', '、', '刘鑫', '的', '证词', '、', '警方', '保留', '的', '刘鑫', '报警', '时', '现场', '录音', '和', '刘鑫', '与', '江歌', '最后', '对话', '，', '刘鑫', '与', '陈世峰', '、', '刘鑫', '与', '江歌', '微信', '联络', '的', '记录', '。', '因为', '涉及', '守秘', '义务', '，', '我', '目前', '还', '无法', '透露', '细节', '内容', '，', '但是', '，', '在', '整个', '案件', '，', '尤其', '是', '江歌', '被害', '过程', '中', '，', '刘鑫', '是', '负有', '很大', '责任', '的', '。', '假如', '，', '陈世峰', '的', '供词', '是', '靠', '谱', '的话', '，', '江歌', '妈妈', '估计', '一辈子', '都', '不会', '原谅', '刘鑫', '所以', '，', '有时候', '，', '道义', '的', '责任', '，', '比', '司法', '的', '责任', '更', '重大', '很', '期待', '，', '刘鑫', '能够', '到庭', '作证', '。', '江歌', '妈妈', '到', '日本', '的', '第二天', '，', '拿', '了', '一包', '东西', '来', '我', '办公室', '，', '她', '跟', '我', '说', '，', '这是', '日本', '警方', '给', '她', '的', '有关', '江歌', '被害', '的', '照片', '，', '她', '没有勇气', '看', '，', '但是', '又', '很', '想', '知道', '女儿', '最后', '是', '怎样', '死', '的', '。', '我', '按住', '她', '的', '手', '，', '对', '她', '说', '：', '“', '一辈子', '都', '不要', '打开', '，', '你', '只要', '记住', '女儿', '的', '美丽', '就行', '。', '”', '她', '哭', '了', '。', '其实', '，', '我', '已经', '在', '检察院', '提供', '的', '案卷', '中', '都', '看', '了', '，', '十几', '刀', '，', '很惨', '很惨', '为了', '不让', '江歌', '妈妈', '看到', '，', '我', '把', '那', '一部分', '案卷', '预先', '抽走', '了', '。', '看', '了', '之后', '，', '连', '我', '杀', '陈世峰', '的', '念头', '都', '有', '而', '江歌', '妈妈', '会', '疯', '的', '下个月', '开庭', '的', '时候', '，', '我会', '陪伴', '江歌', '妈妈', '走上', '法庭', '。', '江歌', '相依为命', '的', '一家', '三口', '我', '想', '，', '我', '代表', '的', '不是', '我', '本人', '，', '而是', '所有', '关心', '支持', '江歌', '母亲', '的', '朋友', '们', '。', '我们', '需要', '支撑', '她', '打', '完', '这', '一场', '官司', '，', '并', '最终', '帮助', '她', '走出', '案件', '的', '阴影', '点击', '进入', '搜狐', '首页', '返回', '搜狐', '，', '查看', '更', '多', '责任编辑', '：', '声明', '：', '该文', '观点', '仅', '代表', '作者', '本人', '，', '搜狐', '号系', '信息', '发布', '平台', '，', '搜狐', '仅', '提供', '信息', '存储空间', '服务', '。', '阅读', '投诉', '推荐', '阅读', '推荐', '自主', '招生', '录取', '通知书', '志愿', '填报', '大专', '高考', '国家', '公务员', '考试', '高考', '改革', '艺考', '毛坦厂', '中学', '医学', '清华大学', '统招', '免费', '获取', '今日', '搜狐', '热点', '商务部', '：', '美方', '征税', '是', '向', '世界', '开火', '，', '也', '是', '向', '自己', '开火', '美国', '猪农', '：', '我', '不想', '做', '死', '于', '贸易战', '的', '爱国者', '不用', '再', '跑腿', '了', '人', '社部', '：', '全面', '取消', '社保', '待遇', '资格', '集中', '认证', '林毅夫', '：', '我们', '迟早会', '面临', '像', '年', '那样', '的', '全球性', '金融危机', '秒', '后', '进入', '搜狐', '首页', '今日', '推荐', '大画', '世界杯', '：', '离别', '总', '伤情', '，', '且', '看且', '珍惜', '大画', '世界杯', '：', '离别', '总', '伤情', '，', '且', '看且', '珍惜', '农民', '年习', '书法', '空心', '字', '年', '入', '几十万', '农民', '年习', '书法', '空心', '字', '年', '入', '几十万', '最', '时尚', '的', '王室', '家族', '竟', '逃不出', '年', '的', '诅咒', '最', '时尚', '的', '王室', '家族', '竟', '逃不出', '年', '的', '诅咒', '广东', '民众', '举报', '黑恶', '犯罪', '戴', '大熊猫', '面罩', '领', '奖励金', '广东', '民众', '举报', '黑恶', '犯罪', '戴', '大熊猫', '面罩', '领', '奖励金', '进入', '搜狐', '首页', '意见反馈', '执行', '成功', '他', '看', '了', '江歌', '被害案', '的', '卷案', '，', '真相', '可能', '比', '你', '想象', '的', '残酷', '加载', '错误', '，', '请', '重新', '加载', '。', '刷新', '发生', '错误', '您', '的', '浏览器', '版本', '过低', '为了', '更好', '的', '体验', '，', '请', '升级', '你', '的', '浏览器', '。', '马上', '升级', '\r\n']",1.0
